Brand, Products, Shipping
ASUS,ASUS ROG GeForce GTX 1070 STRIX-GTX1070-O8G-GAMING Video Card with RGB Lighting,Free Shipping
EVGA,EVGA GeForce GTX 1060 GAMING| ACX 2.0 (Single Fan)| 03G-P4-6160-KR| 3GB GDDR5| DX12 OSD Support (PXOC)| Only 6.8 Inches,Free Shipping
MSI,MSI Radeon RX 580 DirectX 12 RX 580 ARMOR 8G OC Video Card,$4.99 Shipping
ZOTAC,ZOTAC GeForce GTX 1050 Ti DirectX 12 ZT-P10510A-10L Video Card,$3.99 Shipping
GIGABYTE,GIGABYTE Radeon RX 580 DirectX 12 GV-RX580GAMING-4GD Video Card,$4.99 Shipping
XFX,XFX Radeon RX 580 DirectX 12 RX-580P427D6 GTS XXX Edition Video Card w/ Backplate,Free Shipping
ASUS,ASUS ROG GeForce GTX 1080 STRIX-GTX1080-A8G-GAMING Video Card,Free Shipping
GIGABYTE,GIGABYTE Radeon RX 560 DirectX 12 GV-RX560GAMING OC-4GD REV2.0 Video Card,$3.99 Shipping
EVGA,EVGA GeForce GTX 1080 FTW GAMING ACX 3.0| 08G-P4-6286-KR| 8GB GDDR5X| RGB LED| 10CM FAN| 10 Power Phases| Double BIOS| DX12 OSD Support (PXOC),$4.99 Shipping
ZOTAC,ZOTAC GeForce GTX 1070 Mini| ZT-P10700G-10M| 8GB GDDR5,$4.99 Shipping
MSI,MSI Radeon RX 580 DirectX 12 RX 580 GAMING X 4G Video Card,$4.99 Shipping
XFX,XFX RS XXX Edition Radeon RX 570 DirectX 12 RX-570P427D6 4GB OC+ 1284 MHz XFX Custom Backplate 256-Bit DDR5 PCI Express 3.0 CrossFireX Support Video Card,Free Shipping
